{"cameraMode":{"drawMode":0,"name":"Shaded","section":"Shading Mode"},"sceneLighting":true,"audioPlay":false,"sceneViewState":{"m_AlwaysRefresh":false,"showFog":true,"showSkybox":true,"showFlares":true,"showImageEffects":true,"showParticleSystems":true,"showVisualEffectGraphs":true,"m_FxEnabled":true},"in2DMode":false,"pivot":{"x":1.3879613876342774,"y":3.3715972900390627,"z":1.8357669115066529},"rotation":{"x":0.15445666015148164,"y":-0.7861209511756897,"z":0.21782685816287995,"w":0.5574181079864502},"size":0.5583457946777344,"orthographic":false}