{"cameraMode":{"drawMode":0,"name":"Shaded","section":"Shading Mode"},"sceneLighting":true,"audioPlay":false,"sceneViewState":{"m_AlwaysRefresh":false,"showFog":true,"showSkybox":true,"showFlares":true,"showImageEffects":true,"showParticleSystems":true,"showVisualEffectGraphs":true,"m_FxEnabled":true},"in2DMode":false,"pivot":{"x":1.5479756593704224,"y":3.2180662155151369,"z":1.7583152055740357},"rotation":{"x":0.1194104254245758,"y":-0.8747685551643372,"z":0.2737731635570526,"w":0.38154473900794985},"size":0.9650551080703735,"orthographic":false}